Company Name,Model Name,RAM,Storage,Front Camera,Back Camera,Price,Value_Score
Samsung,Galaxy A35 5G,8.0,128.0,13.0,50.0,30999.0,159.68257040549696
OnePlus,Nord CE 4,8.0,256.0,16.0,50.0,24999.0,328.413136525461
Xiaomi,Redmi Note 13 Pro,8.0,128.0,16.0,200.0,27999.0,312.86831672559737
Realme,Realme 12 Pro Plus,12.0,256.0,16.0,64.0,31999.0,271.25847682740084
Motorola,Edge 50 Fusion,8.0,128.0,32.0,50.0,22999.0,231.74920648723855
Nothing,Phone 2a,8.0,256.0,32.0,50.0,27999.0,304.65373763348697
Apple,iPhone 16 128GB,6.0,128.0,12.0,48.0,79999.0,60.25075313441417
Apple,iPhone 16 256GB,6.0,256.0,12.0,48.0,84999.0,94.35405122413205
Apple,iPhone 16 512GB,6.0,512.0,12.0,48.0,89999.0,160.22400248891657
Apple,iPhone 16 Plus 128GB,6.0,128.0,12.0,48.0,89999.0,53.55615062389581
Apple,iPhone 16 Plus 256GB,6.0,256.0,12.0,48.0,94999.0,84.42194128359246
Apple,iPhone 16 Plus 512GB,6.0,512.0,12.0,48.0,99999.0,144.20144201442017
Apple,iPhone 16 Pro 128GB,8.0,128.0,12.0,48.0,119999.0,40.66700555837965
Apple,iPhone 16 Pro 256GB,8.0,256.0,12.0,48.0,129999.0,62.15432426403281
Apple,iPhone 16 Pro 512GB,8.0,512.0,12.0,48.0,149999.0,96.5339768931793
Apple,iPhone 16 Pro 1TB,8.0,128.0,12.0,48.0,169999.0,28.70605121206595
Apple,iPhone 16 Pro Max 256GB,8.0,256.0,12.0,48.0,144999.0,55.724522238084404
Apple,iPhone 16 Pro Max 512GB,8.0,512.0,12.0,48.0,164999.0,87.7581076248947
Apple,iPhone 16 Pro Max 1TB,8.0,128.0,12.0,48.0,184999.0,26.378520964978186
Samsung,Galaxy S25 128GB,12.0,128.0,12.0,50.0,80999.0,62.346448721589155
Samsung,Galaxy S25 256GB,12.0,256.0,12.0,50.0,86999.0,94.82867619168036
Samsung,Galaxy S25 Plus 256GB,12.0,256.0,12.0,50.0,99999.0,82.50082500825009
Samsung,Galaxy S25 Plus 512GB,12.0,512.0,12.0,50.0,111999.0,130.8047393280297
Samsung,Galaxy S25 Ultra 256GB,12.0,256.0,12.0,200.0,129999.0,92.30840237232594
Samsung,Galaxy S25 Ultra 512GB,12.0,512.0,12.0,200.0,141999.0,129.5783773125163
Samsung,Galaxy S25 Ultra 1TB,12.0,128.0,12.0,200.0,165999.0,53.0123675443828
Google,Pixel 9 128GB,12.0,128.0,10.0,50.0,74999.0,66.80089067854239
Google,Pixel 9 256GB,12.0,256.0,10.0,50.0,81999.0,100.12317223380772
Google,Pixel 9 Pro 128GB,16.0,128.0,42.0,50.0,99999.0,57.70057700577006
Google,Pixel 9 Pro 256GB,16.0,256.0,42.0,50.0,109999.0,81.54619587450794
Google,Pixel 9 Pro XL 256GB,16.0,256.0,42.0,50.0,124999.0,71.76057408459268
OnePlus,OnePlus 13 256GB,12.0,256.0,32.0,50.0,69999.0,123.57319390277003
OnePlus,OnePlus 13 512GB,16.0,512.0,32.0,50.0,79999.0,189.6273703421293
OnePlus,OnePlus 13R 256GB,12.0,256.0,16.0,50.0,42999.0,193.7254354752436
OnePlus,Nord 4 256GB,8.0,256.0,16.0,50.0,29999.0,273.6757891929731
OnePlus,Nord 4 512GB,12.0,512.0,16.0,50.0,34999.0,420.86916769050544
Xiaomi,Xiaomi 15 256GB,12.0,256.0,32.0,50.0,64999.0,133.07897044569916
Xiaomi,Xiaomi 15 Ultra 512GB,16.0,512.0,32.0,200.0,109999.0,172.00156365057865
Xiaomi,Redmi Note 14 Pro 256GB,8.0,256.0,20.0,50.0,27999.0,296.08200292867605
Xiaomi,Redmi Note 14 Pro Plus 256GB,12.0,256.0,20.0,50.0,32999.0,254.8562077638716
Realme,Realme GT 7 Pro 256GB,12.0,256.0,32.0,50.0,59999.0,144.16906948449142
Realme,Realme GT 7 Pro 512GB,16.0,512.0,32.0,50.0,65999.0,229.85196745405236
Realme,Realme 14 Pro Plus 256GB,12.0,256.0,32.0,50.0,31999.0,270.3209475296103
Vivo,Vivo X200 256GB,12.0,256.0,32.0,50.0,65999.0,131.0625918574524
Vivo,Vivo X200 Pro 512GB,16.0,512.0,32.0,200.0,94999.0,199.15999115780167
Vivo,Vivo V50 256GB,8.0,256.0,50.0,50.0,34999.0,254.00725735021004
OPPO,Find X8 256GB,12.0,256.0,32.0,50.0,69999.0,123.57319390277003
OPPO,Find X8 Pro 512GB,16.0,512.0,32.0,50.0,99999.0,151.70151701517017
OPPO,Reno 13 Pro 256GB,12.0,256.0,50.0,50.0,49999.0,180.20360407208142
Motorola,Edge 60 Pro 256GB,12.0,256.0,50.0,50.0,34999.0,257.435926740764
Motorola,Edge 50 Ultra 512GB,16.0,512.0,50.0,50.0,54999.0,282.36877034127895
Nothing,Phone 3a 256GB,8.0,256.0,32.0,50.0,27999.0,304.65373763348697
Nothing,Phone 3a Pro 256GB,12.0,256.0,50.0,50.0,32999.0,273.0385769265735
Honor,Magic 7 Pro 512GB,16.0,512.0,50.0,200.0,89999.0,214.2246024955833
Honor,Magic 7 Lite 256GB,8.0,256.0,16.0,108.0,29999.0,322.01073369112305
Apple,iPhone 12 mini 128GB,4.0,128.0,12.0,12.0,184999.0,20.86497764852783
Apple,iPhone 12 mini 256GB,4.0,256.0,12.0,12.0,194999.0,36.205313873404485
Apple,iPhone 12 64GB,4.0,64.0,12.0,12.0,194999.0,11.589803024630896
Apple,iPhone 12 128GB,4.0,128.0,12.0,12.0,204999.0,18.82936014322021
Apple,iPhone 12 256GB,4.0,256.0,12.0,12.0,224999.0,31.377917235187716
Apple,iPhone 12 Pro 128GB,6.0,128.0,12.0,12.0,314999.0,12.444483950742699
Apple,iPhone 12 Pro 256GB,6.0,256.0,12.0,12.0,334999.0,21.253794787447127
Apple,iPhone 12 Pro 512GB,6.0,512.0,12.0,12.0,354999.0,38.08461432285725
Apple,iPhone 12 Pro Max 128GB,6.0,128.0,12.0,12.0,344999.0,11.36235177493268
Apple,iPhone 12 Pro Max 256GB,6.0,256.0,12.0,12.0,364999.0,19.506902758637693
Apple,iPhone 12 Pro Max 512GB,6.0,512.0,12.0,12.0,384999.0,35.11697432980346
Apple,iPhone 11 64GB,4.0,64.0,12.0,12.0,159999.0,14.125088281801762
Apple,iPhone 11 128GB,4.0,128.0,12.0,12.0,169999.0,22.706015917740693
Apple,iPhone 11 256GB,4.0,256.0,12.0,12.0,179999.0,39.222440124667365
Apple,iPhone 11 Pro 64GB,4.0,64.0,12.0,12.0,219999.0,10.272773967154397
Apple,iPhone 11 Pro 256GB,4.0,256.0,12.0,12.0,239999.0,29.41678923662182
Apple,iPhone 11 Pro 512GB,4.0,512.0,12.0,12.0,259999.0,51.76942988242262
Apple,iPhone 11 Pro Max 64GB,4.0,64.0,12.0,12.0,269999.0,8.370401371856932
Apple,iPhone 11 Pro Max 256GB,4.0,256.0,12.0,12.0,289999.0,24.344911534177704
Apple,iPhone 11 Pro Max 512GB,4.0,512.0,12.0,12.0,309999.0,43.41949490159646
Apple,iPhone X 64GB,3.0,64.0,7.0,12.0,164999.0,12.909169146479673
Apple,iPhone X 256GB,3.0,256.0,7.0,12.0,184999.0,37.45966194411862
Apple,iPhone XS 64GB,4.0,64.0,7.0,12.0,219999.0,9.818226446483846
Apple,iPhone XS 256GB,4.0,256.0,7.0,12.0,239999.0,29.00012083383681
Apple,iPhone XS 512GB,4.0,512.0,7.0,12.0,259999.0,51.38481301851161
Apple,iPhone XS Max 64GB,4.0,64.0,7.0,12.0,249999.0,8.64003456013824
Apple,iPhone XS Max 256GB,4.0,256.0,7.0,12.0,269999.0,25.777873251382413
Apple,iPhone XS Max 512GB,4.0,512.0,7.0,12.0,289999.0,46.06912437629095
Apple,iPhone XR 64GB,3.0,64.0,7.0,12.0,149999.0,14.200094667297781
Apple,iPhone XR 128GB,3.0,128.0,7.0,12.0,159999.0,23.31264570403565
Apple,iPhone XR 256GB,3.0,256.0,7.0,12.0,179999.0,38.50021389007718
Apple,iPad Air 10.9-inch 64GB,4.0,64.0,12.0,12.0,79999.0,28.25035312941412
Apple,iPad Air 10.9-inch 256GB,4.0,256.0,12.0,12.0,89999.0,78.44531605906734
Apple,iPad 10.2-inch 32GB,3.0,32.0,12.0,8.0,49999.0,26.600532010640215
Apple,iPad 10.2-inch 128GB,3.0,128.0,12.0,8.0,59999.0,62.16770279504658
Apple,iPad Mini 7.9-inch 64GB,3.0,64.0,7.0,8.0,69999.0,29.000414291632733
Apple,iPad Mini 7.9-inch 256GB,3.0,256.0,7.0,8.0,79999.0,85.37606720084003
Apple,iPad Pro 11-inch 128GB,4.0,128.0,7.0,12.0,149999.0,25.06683377889186
Apple,iPad Pro 11-inch 256GB,4.0,256.0,7.0,12.0,169999.0,40.941417302454724
Apple,iPad Pro 11-inch 512GB,6.0,512.0,7.0,12.0,189999.0,70.63195069447734
Apple,iPad Pro 12.9-inch 128GB,6.0,128.0,7.0,12.0,219999.0,17.36371528961495
Apple,iPad Pro 12.9-inch 256GB,6.0,256.0,7.0,12.0,239999.0,29.250121875507816
Apple,iPad Pro 12.9-inch 512GB,6.0,512.0,7.0,12.0,259999.0,51.61558313685823
Apple,iPad Pro 13-inch 128GB,6.0,128.0,7.0,12.0,259999.0,14.692364201400775
Apple,iPad Pro 13-inch 256GB,6.0,256.0,7.0,12.0,279999.0,25.071518112564693
Apple,iPad Pro 13-inch 512GB,6.0,512.0,7.0,12.0,309999.0,43.29046222729751
Apple,iPad Pro 13-inch 1TB,6.0,128.0,7.0,12.0,359999.0,10.611140586501628
Apple,iPad Pro 13-inch 2TB,6.0,128.0,7.0,12.0,399999.0,9.550023875059686
Samsung,Galaxy S24 Ultra 128GB,12.0,128.0,12.0,200.0,450000.0,19.555555555555557
Samsung,Galaxy S24 Ultra 256GB,12.0,256.0,12.0,200.0,480000.0,25.0
Samsung,Galaxy S24+ 128GB,8.0,128.0,12.0,50.0,400000.0,12.325
Samsung,Galaxy S24+ 256GB,8.0,256.0,12.0,50.0,430000.0,18.90697674418605
Samsung,Galaxy S24 128GB,8.0,128.0,12.0,50.0,350000.0,14.085714285714285
Samsung,Galaxy S24 256GB,8.0,256.0,12.0,50.0,380000.0,21.394736842105267
Samsung,Galaxy S23 Ultra 128GB,12.0,128.0,12.0,200.0,430000.0,20.46511627906977
Samsung,Galaxy S23 Ultra 256GB,12.0,256.0,12.0,200.0,460000.0,26.08695652173913
Samsung,Galaxy S23+ 128GB,8.0,128.0,12.0,50.0,360000.0,13.694444444444445
Samsung,Galaxy S23+ 256GB,8.0,256.0,12.0,50.0,390000.0,20.84615384615385
Samsung,Galaxy S23 128GB,8.0,128.0,12.0,50.0,320000.0,15.406249999999998
Samsung,Galaxy S23 256GB,8.0,256.0,12.0,50.0,350000.0,23.22857142857143
Samsung,Galaxy S22 Ultra 128GB,12.0,128.0,10.0,108.0,420000.0,15.380952380952381
Samsung,Galaxy S22 Ultra 256GB,12.0,256.0,10.0,108.0,450000.0,21.466666666666665
Samsung,Galaxy S22+ 128GB,8.0,128.0,10.0,50.0,350000.0,13.971428571428572
Samsung,Galaxy S22+ 256GB,8.0,256.0,10.0,50.0,380000.0,21.289473684210527
Samsung,Galaxy S22 128GB,8.0,128.0,10.0,50.0,300000.0,16.3
Samsung,Galaxy S22 256GB,8.0,256.0,10.0,50.0,330000.0,24.51515151515152
Samsung,Galaxy Z Fold 5 256GB,12.0,256.0,10.0,50.0,500000.0,16.419999999999998
Samsung,Galaxy Z Fold 5 512GB,12.0,512.0,10.0,50.0,550000.0,26.563636363636363
Samsung,Galaxy Z Flip 5 256GB,8.0,256.0,12.0,12.0,350000.0,20.51428571428572
Samsung,Galaxy Z Flip 5 512GB,8.0,512.0,12.0,12.0,380000.0,35.736842105263165
Samsung,Galaxy Z Fold 4 256GB,12.0,256.0,10.0,50.0,480000.0,17.104166666666664
Samsung,Galaxy Z Fold 4 512GB,12.0,512.0,10.0,50.0,530000.0,27.566037735849054
Samsung,Galaxy Z Flip 4 256GB,8.0,256.0,10.0,12.0,320000.0,22.3125
Samsung,Galaxy Z Flip 4 512GB,8.0,512.0,10.0,12.0,350000.0,38.68571428571429
Samsung,Galaxy A54 128GB,6.0,128.0,32.0,50.0,85000.0,62.0
Samsung,Galaxy A54 256GB,6.0,256.0,32.0,50.0,95000.0,89.15789473684211
Samsung,Galaxy A34 128GB,6.0,128.0,13.0,48.0,75000.0,64.53333333333333
Samsung,Galaxy A34 256GB,6.0,256.0,13.0,48.0,85000.0,94.58823529411764
Samsung,Galaxy A24 128GB,6.0,128.0,13.0,50.0,70000.0,69.85714285714285
Samsung,Galaxy A24 256GB,6.0,256.0,13.0,50.0,80000.0,101.125
Samsung,Galaxy A14 128GB,4.0,128.0,13.0,50.0,60000.0,80.5
Samsung,Galaxy A14 256GB,4.0,256.0,13.0,50.0,70000.0,114.71428571428572
Samsung,Galaxy A04 64GB,4.0,64.0,5.0,50.0,50000.0,61.4
Samsung,Galaxy A04 128GB,4.0,128.0,5.0,50.0,60000.0,77.83333333333333
Samsung,Galaxy M54 128GB,8.0,128.0,32.0,108.0,95000.0,71.36842105263158
Samsung,Galaxy M54 256GB,8.0,256.0,32.0,108.0,105000.0,95.04761904761907
Samsung,Galaxy M34 128GB,6.0,128.0,13.0,50.0,70000.0,69.85714285714285
Samsung,Galaxy M34 256GB,6.0,256.0,13.0,50.0,80000.0,101.125
Samsung,Galaxy M14 128GB,4.0,128.0,13.0,50.0,60000.0,80.5
Samsung,Galaxy M14 256GB,4.0,256.0,13.0,50.0,70000.0,114.71428571428572
Samsung,Galaxy M04 64GB,4.0,64.0,5.0,13.0,50000.0,42.9
Samsung,Galaxy M04 128GB,4.0,128.0,5.0,13.0,60000.0,62.41666666666668
Samsung,Galaxy F54 128GB,8.0,128.0,32.0,108.0,85000.0,79.76470588235293
Samsung,Galaxy F54 256GB,8.0,256.0,32.0,108.0,95000.0,105.05263157894737
Samsung,Galaxy F34 128GB,6.0,128.0,13.0,50.0,70000.0,69.85714285714285
Samsung,Galaxy F34 256GB,6.0,256.0,13.0,50.0,80000.0,101.125
Samsung,Galaxy F14 128GB,4.0,128.0,13.0,50.0,60000.0,80.5
Samsung,Galaxy F14 256GB,4.0,256.0,13.0,50.0,70000.0,114.71428571428572
Samsung,Galaxy Note 20 Ultra 128GB,12.0,128.0,10.0,108.0,180000.0,35.888888888888886
Samsung,Galaxy Note 20 Ultra 256GB,12.0,256.0,10.0,108.0,200000.0,48.3
Samsung,Galaxy Note 20 128GB,8.0,128.0,10.0,108.0,150000.0,42.266666666666666
Samsung,Galaxy Note 20 256GB,8.0,256.0,10.0,108.0,170000.0,56.11764705882353
Samsung,Galaxy Note 10+ 256GB,12.0,256.0,10.0,12.0,160000.0,45.37499999999999
Samsung,Galaxy Note 10+ 512GB,12.0,512.0,10.0,12.0,180000.0,75.88888888888889
Samsung,Galaxy Note 10 256GB,8.0,256.0,10.0,12.0,140000.0,51.00000000000001
Samsung,Galaxy Note 10 128GB,8.0,128.0,10.0,12.0,120000.0,32.83333333333333
Samsung,Galaxy Xcover 6 Pro 128GB,6.0,128.0,13.0,50.0,75000.0,65.2
Samsung,Galaxy Xcover 5 64GB,4.0,64.0,5.0,16.0,50000.0,44.4
Samsung,Galaxy J8 64GB,4.0,64.0,16.0,16.0,45000.0,54.222222222222214
Samsung,Galaxy J7 Pro 64GB,3.0,64.0,13.0,13.0,40000.0,56.875
Samsung,Galaxy J6+ 64GB,4.0,64.0,8.0,13.0,40000.0,55.125
Samsung,Galaxy J4 16GB,2.0,16.0,5.0,13.0,25000.0,35.4
Samsung,Galaxy C9 Pro 64GB,6.0,64.0,16.0,16.0,65000.0,38.46153846153846
Samsung,Galaxy C7 Pro 64GB,4.0,64.0,16.0,16.0,50000.0,48.8
Samsung,Galaxy C5 32GB,4.0,32.0,8.0,16.0,40000.0,37.0
Samsung,Galaxy W22 5G 256GB,12.0,256.0,10.0,108.0,280000.0,34.5
Samsung,Galaxy W21 5G 256GB,12.0,256.0,10.0,108.0,260000.0,37.15384615384615
Samsung,Galaxy Tab S9 Ultra 256GB,12.0,256.0,12.0,13.0,350000.0,20.92857142857143
Samsung,Galaxy Tab S9+ 256GB,12.0,256.0,12.0,13.0,280000.0,26.160714285714285
Samsung,Galaxy Tab S9 128GB,8.0,128.0,12.0,13.0,230000.0,17.41304347826087
Samsung,Galaxy Tab S9 FE 128GB,6.0,128.0,12.0,8.0,150000.0,25.466666666666665
Samsung,Galaxy Tab S8 Ultra 256GB,12.0,256.0,12.0,13.0,320000.0,22.890625
Samsung,Galaxy Tab S8+ 256GB,8.0,256.0,12.0,13.0,250000.0,28.820000000000007
Samsung,Galaxy Tab S8 128GB,8.0,128.0,12.0,13.0,200000.0,20.025
Samsung,Galaxy Tab A9+ 128GB,8.0,128.0,5.0,8.0,100000.0,37.4
Samsung,Galaxy Tab A9 64GB,4.0,64.0,2.0,8.0,75000.0,26.13333333333333
Samsung,Galaxy Tab A8 64GB,4.0,64.0,5.0,8.0,68000.0,29.705882352941178
Samsung,Galaxy Tab A7 Lite 32GB,3.0,32.0,2.0,8.0,40000.0,28.250000000000004
Samsung,Galaxy Tab Active 5 128GB,6.0,128.0,5.0,13.0,150000.0,25.366666666666664
Samsung,Galaxy Tab Active 4 Pro 128GB,6.0,128.0,8.0,13.0,180000.0,21.47222222222222
Samsung,Galaxy Tab Active 3 64GB,4.0,64.0,5.0,13.0,120000.0,17.874999999999996
Samsung,Galaxy Tab E 10.1 16GB,1.0,16.0,2.0,5.0,35000.0,17.0
Samsung,Galaxy Tab E 8.0 16GB,1.0,16.0,2.0,5.0,28000.0,21.25
OnePlus,OnePlus 12 256GB,12.0,256.0,32.0,50.0,219999.0,39.318360538002445
OnePlus,OnePlus 12R 256GB,12.0,256.0,16.0,50.0,169999.0,49.000288236989626
OnePlus,OnePlus 11 256GB,12.0,256.0,16.0,50.0,179999.0,46.27803487797154
OnePlus,OnePlus 11R 256GB,12.0,256.0,16.0,50.0,159999.0,52.062825392658695
OnePlus,OnePlus Nord 3 256GB,12.0,256.0,16.0,50.0,119999.0,69.41724514370952
OnePlus,OnePlus Nord CE 3 128GB,8.0,128.0,16.0,50.0,85000.0,58.94117647058824
OnePlus,OnePlus Nord CE 3 Lite 128GB,8.0,128.0,16.0,108.0,59999.0,107.66846114101901
OnePlus,OnePlus Nord N30 5G 128GB,8.0,128.0,16.0,64.0,55000.0,97.45454545454547
OnePlus,OnePlus Open 256GB,16.0,256.0,32.0,48.0,299999.0,29.066763555878524
OnePlus,OnePlus 10 Pro 256GB,12.0,256.0,32.0,50.0,199999.0,43.250216251081255
OnePlus,OnePlus 10T 256GB,12.0,256.0,16.0,50.0,179999.0,46.27803487797154
OnePlus,OnePlus 9 Pro 256GB,12.0,256.0,16.0,48.0,179999.0,46.00025555697532
OnePlus,OnePlus 9 128GB,8.0,128.0,16.0,48.0,149999.0,33.06688711258075
OnePlus,OnePlus 11 Pro 256GB,16.0,256.0,32.0,50.0,219999.0,39.86381756280711
OnePlus,OnePlus Nord 2T 128GB,8.0,128.0,32.0,50.0,69999.0,76.14394491349876
OnePlus,OnePlus Nord 2 128GB,8.0,128.0,32.0,50.0,59999.0,88.83481391356521
OnePlus,OnePlus Nord N200 64GB,4.0,64.0,16.0,13.0,39999.0,59.12647816195405
OnePlus,OnePlus Nord N100 64GB,4.0,64.0,8.0,13.0,29999.0,73.5024500816694
OnePlus,OnePlus 8T Cyberpunk 2077 Edition 256GB,12.0,256.0,16.0,48.0,139999.0,59.14327959485424
OnePlus,OnePlus 9T 128GB,8.0,128.0,16.0,48.0,159999.0,31.000193751210947
OnePlus,OnePlus 8T 256GB,12.0,256.0,16.0,48.0,119999.0,69.0005750047917
OnePlus,OnePlus 10T 5G 256GB,12.0,256.0,16.0,50.0,179999.0,46.27803487797154
OnePlus,OnePlus 9R 5G 128GB,8.0,128.0,16.0,48.0,159999.0,31.000193751210947
OnePlus,OnePlus 8 Pro 256GB,12.0,256.0,16.0,48.0,159999.0,51.750323439521495
OnePlus,OnePlus 8 128GB,8.0,128.0,16.0,48.0,119999.0,41.33367778064817
OnePlus,OnePlus Nord CE 2 Lite 128GB,6.0,128.0,16.0,64.0,49999.0,106.00212004240085
OnePlus,OnePlus Nord CE 2 128GB,8.0,128.0,16.0,64.0,64999.0,82.46280712010955
OnePlus,OnePlus Nord 1 128GB,6.0,128.0,16.0,48.0,49999.0,98.00196003920078
OnePlus,OnePlus Nord CE 5G 128GB,6.0,128.0,16.0,64.0,54999.0,96.36538846160839
OnePlus,OnePlus Nord 2 5G 128GB,8.0,128.0,32.0,50.0,69999.0,76.14394491349876
OnePlus,OnePlus Nord N100 5G 64GB,4.0,64.0,8.0,13.0,29999.0,73.5024500816694
OnePlus,OnePlus Nord N10 5G 128GB,6.0,128.0,16.0,64.0,49999.0,106.00212004240085
OnePlus,OnePlus 8R 128GB,8.0,128.0,16.0,48.0,119999.0,41.33367778064817
OnePlus,OnePlus 7R 128GB,6.0,128.0,16.0,48.0,109999.0,44.54585950781371
OnePlus,OnePlus 6T McLaren Edition 256GB,10.0,256.0,16.0,20.0,149999.0,50.13366755778372
OnePlus,OnePlus 5T Star Wars Edition 128GB,6.0,128.0,16.0,16.0,89999.0,45.556061734019266
OnePlus,OnePlus 13R 128GB,8.0,128.0,16.0,50.0,219999.0,22.77283078559448
OnePlus,OnePlus 11T 128GB,12.0,128.0,32.0,50.0,199999.0,27.25013625068125
OnePlus,OnePlus 10R 128GB,8.0,128.0,16.0,50.0,169999.0,29.47076159271525
OnePlus,OnePlus 7 Pro 5G 256GB,12.0,256.0,16.0,48.0,169999.0,48.70616885981682
OnePlus,OnePlus 6 Special Edition 128GB,6.0,128.0,16.0,20.0,99999.0,42.00042000420004
OnePlus,OnePlus 5 Special Edition 128GB,8.0,128.0,16.0,20.0,94999.0,44.84257729028727
OnePlus,OnePlus Nord X 128GB,8.0,128.0,32.0,64.0,69999.0,81.14401634309061
OnePlus,OnePlus 8 Pro McLaren Edition 256GB,12.0,256.0,16.0,48.0,169999.0,48.70616885981682
OnePlus,OnePlus 8T Cyberpunk Edition 256GB,12.0,256.0,16.0,48.0,169999.0,48.70616885981682
OnePlus,OnePlus 7T Pro 5G McLaren Edition 256GB,12.0,256.0,16.0,48.0,179999.0,46.00025555697532
OnePlus,OnePlus 15R 128GB,12.0,128.0,32.0,50.0,229999.0,23.695755198935647
OnePlus,OnePlus 14+ 128GB,8.0,128.0,16.0,64.0,199999.0,26.800134000670006
OnePlus,OnePlus 13 Pro 256GB,12.0,256.0,32.0,50.0,219999.0,39.318360538002445
OnePlus,OnePlus 12T 5G 256GB,12.0,256.0,16.0,50.0,219999.0,37.86380847185669
OnePlus,OnePlus Pad,8.0,128.0,8.0,13.0,94999.0,41.316224381309276
OnePlus,OnePlus Pad 2,8.0,128.0,8.0,13.0,104999.0,37.38130839341327
OnePlus,OnePlus Pad Pro,12.0,128.0,16.0,50.0,169999.0,30.17664809792999
Vivo,X200 128GB,12.0,128.0,32.0,50.0,199999.0,27.25013625068125
Vivo,X200 256GB,12.0,256.0,32.0,50.0,219999.0,39.318360538002445
Vivo,X200 Pro 256GB,16.0,256.0,32.0,200.0,229999.0,54.43501928269253
Vivo,X200 Pro 512GB,16.0,512.0,32.0,200.0,249999.0,75.6803027212109
Vivo,X200 Pro Mini 256GB,16.0,256.0,32.0,50.0,189999.0,46.15813767440881
Vivo,V40e 128GB,8.0,128.0,44.0,64.0,79999.0,74.00092501156264
Vivo,Y200 GT 128GB,12.0,128.0,16.0,64.0,69999.0,78.28683266903813
Vivo,T3 5G 128GB,8.0,128.0,16.0,50.0,59999.0,83.50139168986149
Vivo,Y100 5G 128GB,8.0,128.0,16.0,64.0,54999.0,97.45631738758887
Vivo,S18 Pro 256GB,12.0,256.0,32.0,108.0,99999.0,101.0010100101001
Vivo,V30 Pro 128GB,12.0,128.0,32.0,64.0,89999.0,64.44516050178336
Vivo,iQOO 12 256GB,16.0,256.0,16.0,50.0,109999.0,76.81888017163791
Vivo,Z3 64GB,6.0,64.0,12.0,16.0,39999.0,60.50151253781345
Vivo,V9 64GB,4.0,64.0,24.0,16.0,34999.0,74.28783679533701
Vivo,X9 Plus 128GB,6.0,128.0,20.0,16.0,42999.0,97.21156305960604
Vivo,Y81 32GB,3.0,32.0,5.0,13.0,22999.0,57.17639897386843
Vivo,X5Max 16GB,2.0,16.0,5.0,13.0,29999.0,29.5009833661122
Vivo,V5 Plus 64GB,4.0,64.0,20.0,16.0,39999.0,63.001575039375986
Vivo,Y95 64GB,4.0,64.0,20.0,13.0,29999.0,81.50271675722524
Vivo,V3 Max 32GB,4.0,32.0,8.0,13.0,24999.0,56.20224808992359
Vivo,X3S 16GB,1.0,16.0,5.0,13.0,19999.0,42.752137606880346
Vivo,Y66 32GB,3.0,32.0,16.0,13.0,27999.0,54.82338654951963
Vivo,V19 128GB,8.0,128.0,32.0,48.0,49999.0,105.60211204224085
Vivo,V19 256GB,8.0,256.0,32.0,48.0,54999.0,154.18462153857345
Vivo,V17 Pro 128GB,8.0,128.0,32.0,48.0,54999.0,96.00174548628156
Vivo,V17 Pro 256GB,8.0,256.0,32.0,48.0,59999.0,141.3356889281488
Vivo,Y12s 64GB,3.0,64.0,8.0,13.0,18999.0,114.47970945839255
Vivo,Y12s 128GB,4.0,128.0,8.0,13.0,22999.0,165.44197573807557
Vivo,S1 Pro 128GB,6.0,128.0,32.0,48.0,39999.0,130.5032625815645
Vivo,S1 Pro 256GB,6.0,256.0,32.0,48.0,44999.0,187.11526922820508
Vivo,Y11 32GB,3.0,32.0,8.0,13.0,18499.0,74.32834207254446
Vivo,Y11 64GB,3.0,64.0,8.0,13.0,22499.0,96.67096315391795
Vivo,V15 128GB,6.0,128.0,32.0,48.0,34999.0,149.14711848909968
Vivo,V15 256GB,6.0,256.0,32.0,48.0,39999.0,210.50526263156578
Vivo,X27 Pro 128GB,8.0,128.0,32.0,48.0,59999.0,88.00146669111152
Vivo,X27 Pro 256GB,8.0,256.0,32.0,48.0,64999.0,130.46354559300914
Vivo,Y30 128GB,4.0,128.0,8.0,13.0,24999.0,152.20608824352976
Vivo,Y30 64GB,3.0,64.0,8.0,13.0,19999.0,108.75543777188861
Vivo,Z1 Pro 64GB,4.0,64.0,16.0,16.0,29999.0,81.33604453481782
Vivo,Z1 Pro 128GB,6.0,128.0,16.0,16.0,34999.0,117.1462041772622
Vivo,X21 128GB,6.0,128.0,12.0,12.0,39999.0,98.00245006125151
Vivo,X21 64GB,4.0,64.0,12.0,12.0,34999.0,64.57327352210064
Vivo,V23e 128GB,8.0,128.0,50.0,64.0,39999.0,151.00377509437737
Vivo,V23e 256GB,8.0,256.0,50.0,64.0,44999.0,205.33789639769773
Vivo,Y33s 128GB,8.0,128.0,16.0,50.0,34999.0,143.14694705563016
Vivo,Y33s 64GB,4.0,64.0,16.0,50.0,29999.0,109.67032234407814
Vivo,X60 Pro 256GB,12.0,256.0,32.0,48.0,109999.0,78.1825289320812
Vivo,X60 Pro 512GB,12.0,512.0,32.0,48.0,119999.0,125.00104167534728
Vivo,V20 Pro 128GB,8.0,128.0,44.0,64.0,49999.0,118.40236804736095
Vivo,V20 Pro 256GB,8.0,256.0,44.0,64.0,54999.0,165.8211967490318
Vivo,Y75 5G 128GB,8.0,128.0,16.0,50.0,54999.0,91.09256531936944
Vivo,Y75 5G 256GB,8.0,256.0,16.0,50.0,59999.0,136.8356139268988
Vivo,Y53s 128GB,6.0,128.0,16.0,64.0,34999.0,151.43289808280238
Vivo,Y53s 64GB,6.0,64.0,16.0,64.0,29999.0,123.33744458148605
Vivo,V15 Pro 128GB,6.0,128.0,32.0,48.0,44999.0,116.002577835063
Vivo,V15 Pro 256GB,6.0,256.0,32.0,48.0,49999.0,168.40336806736136
Vivo,X70 Pro 128GB,8.0,128.0,32.0,50.0,99999.0,53.300533005330045
Vivo,X70 Pro 256GB,8.0,256.0,32.0,50.0,109999.0,77.54615951054102
Vivo,T1 5G 128GB,6.0,128.0,16.0,50.0,39999.0,123.7530938273457
Vivo,T1 5G 256GB,8.0,256.0,16.0,50.0,44999.0,182.44849885553015
Vivo,X30 Pro 128GB,8.0,128.0,32.0,64.0,109999.0,51.63683306211875
Vivo,X30 Pro 256GB,8.0,256.0,32.0,64.0,119999.0,74.00061667180562
Vivo,V27 128GB,8.0,128.0,50.0,50.0,79999.0,71.12588907361341
Vivo,V27 256GB,8.0,256.0,50.0,50.0,84999.0,104.5894657584207
Vivo,V27 Pro 128GB,8.0,128.0,50.0,50.0,89999.0,63.22292469916332
Vivo,V27 Pro 256GB,8.0,256.0,50.0,50.0,94999.0,93.57993242034128
Vivo,V25 Pro 128GB,8.0,128.0,32.0,64.0,79999.0,71.00088751109388
Vivo,V25 Pro 256GB,8.0,256.0,32.0,64.0,85999.0,103.25701461644904
Vivo,X90 Pro 256GB,12.0,256.0,32.0,50.0,199999.0,43.250216251081255
Vivo,X90 Pro 512GB,12.0,512.0,32.0,50.0,229999.0,65.43506710898743
Vivo,Y100 128GB,8.0,128.0,16.0,64.0,59999.0,89.33482224703745
Vivo,Y100 256GB,8.0,256.0,16.0,64.0,64999.0,131.69433375898092
Vivo,T2 Series 128GB,8.0,128.0,16.0,64.0,49999.0,107.20214404288087
Vivo,T2 Series 256GB,8.0,256.0,16.0,64.0,54999.0,155.63919343988073
Vivo,V23 5G 128GB,8.0,128.0,50.0,64.0,69999.0,86.28694695638508
Vivo,V23 5G 256GB,8.0,256.0,50.0,64.0,74999.0,123.20164268856918
Vivo,X80 256GB,12.0,256.0,32.0,50.0,179999.0,48.055822532347406
Vivo,X80 512GB,12.0,512.0,32.0,50.0,199999.0,75.25037625188126
Vivo,Y21 128GB,4.0,128.0,8.0,13.0,29999.0,126.83756125204174
Vivo,Y21 64GB,4.0,64.0,8.0,13.0,26999.0,81.66969147005445
Vivo,Pad 128GB,6.0,128.0,8.0,13.0,64999.0,59.46245326851182
Vivo,Pad 2 256GB,8.0,256.0,8.0,50.0,74999.0,107.33476446352617
Vivo,Pad Air 128GB,6.0,128.0,8.0,13.0,58999.0,65.50958490821877
Vivo,Pad 3 128GB,6.0,128.0,8.0,13.0,62999.0,61.35018016158987
Vivo,Pad 3 Pro 256GB,8.0,256.0,8.0,50.0,84999.0,94.70699655290062
Vivo,Pad 4 Pro 256GB,8.0,256.0,8.0,50.0,94999.0,84.73773408141139
iQOO,Pad 128GB,6.0,128.0,8.0,13.0,69999.0,55.215074501064294
iQOO,Pad 2 256GB,8.0,256.0,8.0,50.0,79999.0,100.62625782822285
iQOO,Pad 2 Pro 256GB,8.0,256.0,8.0,50.0,89999.0,89.44543828264759
Oppo,Find N3 512GB,12.0,512.0,32.0,48.0,299999.0,50.000166667222224
Oppo,Find N3 Flip 256GB,12.0,256.0,32.0,50.0,199999.0,43.250216251081255
Oppo,Find X8 Pro 256GB,12.0,256.0,32.0,50.0,249999.0,34.6001384005536
Oppo,Find X8 256GB,8.0,256.0,32.0,50.0,199999.0,42.65021325106626
Oppo,Reno13 F 4G 256GB,8.0,256.0,32.0,50.0,79999.0,106.62633282916038
Oppo,Reno13 F 256GB,8.0,256.0,32.0,50.0,79999.0,106.62633282916038
Oppo,Reno13 Pro 512GB,12.0,512.0,50.0,50.0,129999.0,118.53937337979522
Oppo,Reno13 256GB,12.0,256.0,50.0,50.0,99999.0,90.10090100901009
Oppo,Reno12 F 4G 256GB,8.0,256.0,32.0,50.0,69999.0,121.85888369833856
Oppo,Reno12 F 256GB,8.0,256.0,32.0,50.0,69999.0,121.85888369833856
Oppo,Reno12 Pro 512GB,12.0,512.0,32.0,50.0,119999.0,125.41771181426512
Oppo,Reno12 256GB,8.0,256.0,32.0,50.0,89999.0,94.77883087589863
Oppo,Reno11 F 256GB,8.0,256.0,32.0,64.0,79999.0,111.00138751734397
Oppo,Reno11 Pro 512GB,12.0,512.0,32.0,50.0,109999.0,136.8194256311421
Oppo,A5 Pro 256GB,8.0,256.0,16.0,50.0,89999.0,91.22323581373126
Oppo,A5 Pro 512GB,12.0,512.0,16.0,50.0,99999.0,147.30147301473013
Oppo,A80 256GB,8.0,256.0,8.0,50.0,79999.0,100.62625782822285
Oppo,A3 4G 128GB,4.0,128.0,5.0,50.0,59999.0,77.83463057717628
Oppo,A3x 4G 128GB,4.0,128.0,8.0,8.0,64999.0,56.61625563470208
Oppo,A3x 4G 256GB,6.0,256.0,8.0,8.0,69999.0,99.14427348962126
Oppo,A3 128GB,4.0,128.0,5.0,50.0,59999.0,77.83463057717628
Oppo,A3x 128GB,4.0,128.0,8.0,8.0,64999.0,56.61625563470208
Oppo,A3x 256GB,6.0,256.0,8.0,8.0,69999.0,99.14427348962126
Oppo,A60 128GB,8.0,128.0,8.0,50.0,69999.0,69.2867040957728
Oppo,A60 256GB,8.0,256.0,8.0,50.0,74999.0,107.33476446352617
Oppo,K12 Plus 256GB,8.0,256.0,16.0,50.0,109999.0,74.6370421549287
Oppo,K12 Plus 512GB,12.0,512.0,16.0,50.0,119999.0,122.75102292519102
Oppo,F27 128GB,8.0,128.0,32.0,64.0,79999.0,71.00088751109388
Oppo,F27 256GB,8.0,256.0,32.0,64.0,84999.0,104.47181731549784
Oppo,F27 Pro+ 256GB,8.0,256.0,32.0,64.0,89999.0,98.66776297514419
Oppo,F27 Pro+ 512GB,12.0,512.0,32.0,64.0,99999.0,154.00154001540017
Oppo,F25 Pro 128GB,8.0,128.0,32.0,64.0,74999.0,75.73434312457499
Oppo,F25 Pro 256GB,8.0,256.0,32.0,64.0,79999.0,111.00138751734397
Oppo,Pad 3 128GB,8.0,128.0,8.0,13.0,99999.0,39.250392503925035
Oppo,Pad 3 256GB,12.0,256.0,8.0,13.0,109999.0,65.86423512941026
Oppo,Pad 3 Pro 256GB,12.0,256.0,8.0,13.0,119999.0,60.37550312919274
Oppo,Pad 3 Pro 512GB,16.0,512.0,8.0,13.0,129999.0,105.88542988792223
Oppo,Pad Neo 128GB,6.0,128.0,8.0,13.0,79999.0,48.31310391379892
Oppo,Pad Neo 256GB,8.0,256.0,8.0,13.0,89999.0,79.16754630607007
Oppo,Find X7 Ultra 256GB,12.0,256.0,32.0,50.0,199999.0,43.250216251081255
Oppo,Find X7 Ultra 512GB,16.0,512.0,32.0,50.0,219999.0,68.95485888572222
Oppo,Find X7 256GB,12.0,256.0,32.0,50.0,179999.0,48.055822532347406
Oppo,Find X7 512GB,16.0,512.0,32.0,50.0,199999.0,75.85037925189627
Oppo,Find X6 Pro 256GB,12.0,256.0,32.0,50.0,169999.0,50.88265225089559
Oppo,Find X6 Pro 512GB,16.0,512.0,32.0,50.0,189999.0,79.84252548697626
Oppo,Find X6 256GB,12.0,256.0,32.0,50.0,149999.0,57.66705111367409
Oppo,Find X6 512GB,16.0,512.0,32.0,50.0,169999.0,89.23581903422964
Oppo,Find X5 Pro 256GB,12.0,256.0,32.0,50.0,159999.0,54.06283789273682
Oppo,Find X5 Pro 512GB,16.0,512.0,32.0,50.0,179999.0,84.27824599025551
Oppo,Find X5 256GB,8.0,256.0,32.0,50.0,139999.0,60.929006635761695
Oppo,Find N2 Flip 256GB,8.0,256.0,32.0,50.0,149999.0,56.867045780305205
Oppo,Find N2 Flip 512GB,12.0,512.0,32.0,50.0,169999.0,88.52993252901487
Oppo,Find N2 256GB,12.0,256.0,32.0,50.0,179999.0,48.055822532347406
Oppo,Reno10 5G 128GB,8.0,128.0,32.0,64.0,129999.0,43.69264378956761
Oppo,Reno10 5G 256GB,8.0,256.0,32.0,64.0,149999.0,59.20039466929781
Oppo,Reno10 Pro 5G 256GB,12.0,256.0,32.0,50.0,169999.0,50.88265225089559
Oppo,Reno10 Pro+ 5G 256GB,16.0,256.0,32.0,50.0,199999.0,43.850219251096256
Oppo,Reno9 5G 128GB,8.0,128.0,32.0,64.0,109999.0,51.63683306211875
Oppo,Reno9 5G 256GB,12.0,256.0,32.0,64.0,129999.0,69.23130177924446
Oppo,Reno9 Pro 5G 256GB,16.0,256.0,32.0,50.0,159999.0,54.81284258026613
Oppo,Reno9 Pro+ 5G 256GB,16.0,256.0,32.0,50.0,189999.0,46.15813767440881
Oppo,Reno8 5G 128GB,8.0,128.0,32.0,50.0,89999.0,59.22288025422504
Oppo,Reno8 5G 256GB,12.0,256.0,32.0,50.0,99999.0,86.5008650086501
Oppo,Reno8 Pro 5G 256GB,12.0,256.0,32.0,50.0,129999.0,66.53897337671829
Oppo,Reno8 Pro+ 5G 256GB,12.0,256.0,32.0,50.0,139999.0,61.786155615397256
Oppo,Reno7 5G 128GB,8.0,128.0,32.0,64.0,79999.0,71.00088751109388
Oppo,Reno7 5G 256GB,12.0,256.0,32.0,64.0,89999.0,100.00111112345692
Oppo,Reno7 Pro 5G 256GB,12.0,256.0,32.0,50.0,109999.0,78.63707851889562
Oppo,Reno6 5G 128GB,8.0,128.0,32.0,64.0,79999.0,71.00088751109388
Oppo,Reno6 5G 256GB,12.0,256.0,32.0,64.0,89999.0,100.00111112345692
Oppo,Reno6 Pro 5G 128GB,8.0,128.0,32.0,64.0,99999.0,56.80056800568006
Oppo,Reno6 Pro 5G 256GB,12.0,256.0,32.0,64.0,109999.0,81.8189256265966
Oppo,Reno6 Pro+ 5G 256GB,12.0,256.0,32.0,50.0,129999.0,66.53897337671829
Oppo,Reno5 5G 128GB,8.0,128.0,32.0,64.0,69999.0,81.14401634309061
Oppo,Reno5 5G 256GB,12.0,256.0,32.0,64.0,79999.0,112.50140626757836
Oppo,Reno5 Pro 5G 128GB,8.0,128.0,32.0,64.0,89999.0,63.11181235347058
Oppo,Reno5 Pro 5G 256GB,12.0,256.0,32.0,64.0,99999.0,90.00090000900009
Oppo,Reno5 Pro+ 5G 256GB,12.0,256.0,32.0,50.0,119999.0,72.0839340327836
Oppo,Reno4 5G 128GB,8.0,128.0,32.0,48.0,59999.0,88.00146669111152
Oppo,Reno4 5G 256GB,8.0,256.0,32.0,48.0,69999.0,121.14458777982544
Oppo,Reno4 Pro 5G 256GB,12.0,256.0,32.0,48.0,99999.0,86.00086000860009
Oppo,Reno3 5G 128GB,8.0,128.0,32.0,64.0,49999.0,113.6022720454409
Oppo,Reno3 5G 256GB,12.0,256.0,32.0,64.0,59999.0,150.00250004166736
Oppo,Reno3 Pro 5G 256GB,12.0,256.0,32.0,48.0,79999.0,107.50134376679708
Oppo,A59 5G 128GB,6.0,128.0,8.0,13.0,39999.0,96.62741568539212
Oppo,A59 5G 256GB,8.0,256.0,8.0,13.0,44999.0,158.3368519300429
Oppo,A58 5G 256GB,8.0,256.0,8.0,50.0,49999.0,161.0032200644013
Oppo,A57 5G 128GB,6.0,128.0,8.0,13.0,34999.0,110.4317266207606
Oppo,A56 5G 128GB,6.0,128.0,8.0,13.0,32999.0,117.12476135640473
Oppo,A55 5G 128GB,6.0,128.0,8.0,13.0,29999.0,128.8376279209307
Oppo,A54 5G 128GB,6.0,128.0,16.0,48.0,34999.0,140.00400011428897
Oppo,A53 5G 128GB,4.0,128.0,8.0,16.0,27999.0,138.57637772777602
Oppo,A52 5G 128GB,4.0,128.0,8.0,12.0,25999.0,145.390207315666
Oppo,A51 5G 128GB,4.0,128.0,8.0,13.0,23999.0,158.5482728447019
Oppo,A50 5G 128GB,4.0,128.0,8.0,13.0,21999.0,172.96240738215374
Oppo,A49 5G 128GB,4.0,128.0,8.0,13.0,19999.0,190.25951297564882
Oppo,A40 128GB,4.0,128.0,5.0,50.0,39999.0,116.75291882297057
Oppo,A40 256GB,6.0,256.0,5.0,50.0,44999.0,176.22613835863018
Oppo,K11x 128GB,8.0,128.0,16.0,108.0,59999.0,107.66846114101901
Oppo,K11x 256GB,12.0,256.0,16.0,108.0,64999.0,150.4638532900506
Oppo,K10x 128GB,6.0,128.0,16.0,64.0,54999.0,96.36538846160839
Oppo,K10x 256GB,8.0,256.0,16.0,64.0,59999.0,142.66904448407476
Oppo,K10 5G 128GB,8.0,128.0,16.0,64.0,64999.0,82.46280712010955
Oppo,K9x 128GB,6.0,128.0,16.0,64.0,49999.0,106.00212004240085
Oppo,K9x 256GB,8.0,256.0,16.0,64.0,54999.0,155.63919343988073
Oppo,K9 Pro 5G 128GB,8.0,128.0,16.0,64.0,69999.0,76.57252246460664
Oppo,K9 Pro 5G 256GB,12.0,256.0,16.0,64.0,74999.0,115.73487646501952
Oppo,K9 5G 128GB,8.0,128.0,32.0,64.0,59999.0,94.66824447074117
Oppo,K9 5G 256GB,8.0,256.0,32.0,64.0,64999.0,136.61748642286804
Oppo,K7x 128GB,6.0,128.0,16.0,48.0,44999.0,108.8913086957488
Oppo,K7 5G 128GB,8.0,128.0,32.0,48.0,49999.0,105.60211204224085
Oppo,K7 5G 256GB,8.0,256.0,32.0,48.0,54999.0,154.18462153857345
Oppo,K11 128GB,8.0,128.0,16.0,64.0,69999.0,76.57252246460664
Oppo,K11 256GB,12.0,256.0,16.0,64.0,74999.0,115.73487646501952
Oppo,K10 5G 256GB,12.0,256.0,16.0,64.0,69999.0,124.0017714538779
Realme,GT 7 Pro 128GB,12.0,128.0,16.0,50.0,139999.0,36.64311887942057
Realme,GT 7 Pro 256GB,16.0,256.0,16.0,50.0,149999.0,56.333708891392604
Realme,GT 6 128GB,8.0,128.0,32.0,50.0,89999.0,59.22288025422504
Realme,GT 6 256GB,12.0,256.0,32.0,50.0,94999.0,91.05359003778987
Realme,GT 6 512GB,16.0,512.0,32.0,50.0,99999.0,151.70151701517017
Realme,GT 6T 128GB,8.0,128.0,32.0,50.0,84999.0,62.70662007788327
Realme,GT 6T 256GB,8.0,256.0,32.0,50.0,89999.0,94.77883087589863
Realme,14 Pro+ 5G 256GB,12.0,256.0,16.0,50.0,94999.0,87.68513352772135
Realme,14 Pro+ 5G 512GB,12.0,512.0,16.0,50.0,99999.0,147.30147301473013
Realme,14 Pro 5G 128GB,8.0,128.0,16.0,50.0,79999.0,62.62578282228528
Realme,14 Pro 5G 256GB,8.0,256.0,16.0,50.0,84999.0,96.58937163966635
Realme,14x 5G 128GB,6.0,128.0,16.0,48.0,64999.0,75.38577516577178
Realme,14x 5G 256GB,8.0,256.0,16.0,48.0,69999.0,116.57309390134145
Realme,13+ 5G 128GB,8.0,128.0,16.0,50.0,59999.0,83.50139168986149
Realme,13+ 5G 256GB,8.0,256.0,16.0,50.0,64999.0,126.30963553285437
Realme,13 5G 128GB,6.0,128.0,16.0,50.0,49999.0,99.0019800396008
Realme,13 5G 256GB,8.0,256.0,16.0,50.0,54999.0,149.27544137166132
Realme,13 Pro 5G 128GB,8.0,128.0,16.0,50.0,74999.0,66.80089067854239
Realme,13 Pro 5G 256GB,12.0,256.0,16.0,50.0,79999.0,104.12630157876973
Realme,13 Pro+ 5G 256GB,12.0,256.0,32.0,50.0,94999.0,91.05359003778987
Realme,13 Pro+ 5G 512GB,16.0,512.0,32.0,50.0,99999.0,151.70151701517017
Realme,P1 Speed 5G 128GB,8.0,128.0,16.0,64.0,54999.0,97.45631738758887
Realme,P1 Speed 5G 256GB,12.0,256.0,16.0,64.0,59999.0,144.66907781796363
Realme,P2 Pro 5G 256GB,12.0,256.0,32.0,50.0,89999.0,96.11217902421139
Realme,P2 Pro 5G 512GB,16.0,512.0,32.0,50.0,94999.0,159.68589143043613
Realme,P1 5G 128GB,6.0,128.0,16.0,50.0,44999.0,110.00244449876664
Realme,P1 5G 256GB,8.0,256.0,16.0,50.0,49999.0,164.20328406568134
Realme,P1 Pro 5G 128GB,8.0,128.0,16.0,64.0,59999.0,89.33482224703745
Realme,P1 Pro 5G 256GB,12.0,256.0,16.0,64.0,64999.0,133.54051600793858
Realme,Narzo 70 Turbo 5G 128GB,8.0,128.0,16.0,50.0,54999.0,91.09256531936944
Realme,Narzo 70 Turbo 5G 256GB,8.0,256.0,16.0,50.0,59999.0,136.8356139268988
Realme,Narzo N61 128GB,6.0,128.0,16.0,50.0,39999.0,123.7530938273457
Realme,Narzo N63 128GB,6.0,128.0,16.0,50.0,37999.0,130.2665859627885
Realme,Narzo N65 5G 128GB,8.0,128.0,16.0,50.0,47999.0,104.37717452446925
Realme,Narzo 70 5G 128GB,8.0,128.0,16.0,50.0,52999.0,94.53008547331082
Realme,C75 128GB,6.0,128.0,8.0,50.0,37999.0,126.05594884075896
Realme,C75 256GB,8.0,256.0,8.0,50.0,42999.0,187.21365613153796
Realme,C61 128GB,4.0,128.0,8.0,50.0,32999.0,143.3376768993
Realme,C67 128GB,6.0,128.0,8.0,50.0,39999.0,119.75299382484563
Realme,C67 256GB,8.0,256.0,8.0,50.0,44999.0,178.89286428587303
Realme,C65 128GB,6.0,128.0,8.0,50.0,37999.0,126.05594884075896
Realme,C65 256GB,8.0,256.0,8.0,50.0,42999.0,187.21365613153796
Realme,C63 128GB,6.0,128.0,8.0,50.0,36999.0,129.4629584583367
Realme,C55 128GB,6.0,128.0,8.0,64.0,39999.0,128.5032125803145
Realme,C55 256GB,8.0,256.0,8.0,64.0,44999.0,186.67081490699795
Realme,Note 60x 128GB,6.0,128.0,16.0,50.0,47999.0,103.12714848226005
Realme,Note 60 128GB,6.0,128.0,16.0,50.0,49999.0,99.0019800396008
Realme,Note 60 256GB,8.0,256.0,16.0,50.0,54999.0,149.27544137166132
Realme,Note 50 128GB,6.0,128.0,16.0,50.0,42999.0,115.11895625479663
Realme,GT 7 128GB,8.0,128.0,16.0,50.0,124999.0,40.08032064256514
Realme,GT 7 256GB,12.0,256.0,16.0,50.0,139999.0,59.50042500303573
Realme,Neo 7 128GB,8.0,128.0,16.0,64.0,79999.0,67.00083751046888
Realme,Neo 7 256GB,12.0,256.0,16.0,64.0,94999.0,91.3693828356088
Realme,P2 Pro 5G 128GB,8.0,128.0,16.0,50.0,84999.0,58.94186990435181
Realme,P2 Pro 5G 256GB,12.0,256.0,16.0,50.0,99999.0,83.30083300833009
Realme,Pad 64GB,4.0,64.0,8.0,8.0,57999.0,35.86268728771186
Realme,Pad 128GB,6.0,128.0,8.0,8.0,64999.0,57.539346759180916
Realme,Pad 2 128GB,6.0,128.0,8.0,8.0,74999.0,49.86733156442086
Realme,Pad 2 256GB,8.0,256.0,8.0,8.0,84999.0,82.35391004600054
Realme,Pad 2 Lite 64GB,4.0,64.0,8.0,8.0,54999.0,37.81886943398971
Realme,Pad 2 Lite 128GB,6.0,128.0,8.0,8.0,61999.0,60.32355360570331
Realme,Pad X 64GB,4.0,64.0,8.0,13.0,79999.0,27.562844535556696
Realme,Pad X 128GB,6.0,128.0,8.0,13.0,89999.0,42.94492161024011
Realme,Pad Mini 32GB,3.0,32.0,5.0,8.0,44999.0,26.445032111824705
Realme,Pad Mini 64GB,4.0,64.0,5.0,8.0,49999.0,40.400808016160326
Realme,Pad Slim 64GB,4.0,64.0,8.0,8.0,56999.0,36.491868278390854
Realme,Pad Slim 128GB,6.0,128.0,8.0,8.0,62999.0,59.36602168288385
Realme,TechLife Pad Neo 64GB,4.0,64.0,8.0,8.0,59999.0,34.667244454074236
Realme,TechLife Pad Neo 128GB,6.0,128.0,8.0,8.0,64999.0,57.539346759180916
Xiaomi,Xiaomi 15 Pro 256GB,12.0,256.0,32.0,50.0,199999.0,43.250216251081255
Xiaomi,Xiaomi 15 Pro 512GB,16.0,512.0,32.0,50.0,219999.0,68.95485888572222
Xiaomi,Xiaomi 15 Pro 1TB,16.0,128.0,32.0,50.0,239999.0,23.208430035125144
Xiaomi,Xiaomi 15 256GB,12.0,256.0,32.0,50.0,179999.0,48.055822532347406
Xiaomi,Xiaomi 15 512GB,16.0,512.0,32.0,50.0,199999.0,75.85037925189627
Xiaomi,Xiaomi 14T Pro 256GB,12.0,256.0,32.0,50.0,169999.0,50.88265225089559
Xiaomi,Xiaomi 14T Pro 512GB,12.0,512.0,32.0,50.0,189999.0,79.2109432154906
Xiaomi,Xiaomi 14T Pro 1TB,12.0,128.0,32.0,50.0,209999.0,25.952504535735887
Xiaomi,Xiaomi 14T 256GB,12.0,256.0,32.0,50.0,149999.0,57.66705111367409
Xiaomi,Xiaomi 14T 512GB,12.0,512.0,32.0,50.0,169999.0,88.52993252901487
Xiaomi,Xiaomi 14 Pro 256GB,12.0,256.0,32.0,50.0,189999.0,45.52655540292317
Xiaomi,Xiaomi 14 Pro 512GB,12.0,512.0,32.0,50.0,209999.0,71.66700793813304
Xiaomi,Xiaomi 14 256GB,12.0,256.0,32.0,50.0,169999.0,50.88265225089559
Xiaomi,Xiaomi 14 512GB,12.0,512.0,32.0,50.0,189999.0,79.2109432154906
Xiaomi,Redmi Note 14 Pro+ 5G 128GB,8.0,128.0,16.0,200.0,89999.0,97.33441482683142
Xiaomi,Redmi Note 14 Pro+ 5G 256GB,12.0,256.0,16.0,200.0,99999.0,120.80120801208011
Xiaomi,Redmi Note 14 Pro+ 5G 512GB,16.0,512.0,16.0,200.0,109999.0,169.09244629496632
Xiaomi,Redmi Note 14 Pro 5G 128GB,8.0,128.0,16.0,108.0,79999.0,80.75100938761734
Xiaomi,Redmi Note 14 Pro 5G 256GB,12.0,256.0,16.0,108.0,89999.0,108.66787408748985
Xiaomi,Redmi Note 14 Pro 4G 128GB,6.0,128.0,16.0,108.0,69999.0,91.42987756967956
Xiaomi,Redmi Note 14 Pro 4G 256GB,8.0,256.0,16.0,108.0,79999.0,120.75150939386742
Xiaomi,Redmi Note 14 5G 128GB,6.0,128.0,16.0,50.0,59999.0,82.50137502291705
Xiaomi,Redmi Note 14 5G 256GB,8.0,256.0,16.0,50.0,69999.0,117.28738981985458
Xiaomi,Redmi Note 14 4G 128GB,4.0,128.0,16.0,50.0,49999.0,97.8019560391208
Xiaomi,Redmi Note 14 4G 256GB,6.0,256.0,16.0,50.0,59999.0,135.83559725995434
Xiaomi,Redmi 14C 5G 64GB,4.0,64.0,8.0,50.0,39999.0,78.25195629890747
Xiaomi,Redmi 14C 5G 128GB,6.0,128.0,8.0,50.0,44999.0,106.44680992910953
Lenovo,Legion Y70 128GB,8.0,128.0,16.0,50.0,139999.0,35.785969899784995
Lenovo,Legion Y70 256GB,12.0,256.0,16.0,50.0,159999.0,52.062825392658695
Lenovo,Legion Y70 512GB,16.0,512.0,16.0,50.0,179999.0,82.50045833587964
Lenovo,K14 Plus 64GB,4.0,64.0,8.0,48.0,29999.0,102.67008900296678
Lenovo,K14 Plus 128GB,6.0,128.0,8.0,48.0,34999.0,135.4324409268836
Lenovo,K13 Pro 128GB,6.0,128.0,16.0,64.0,39999.0,132.50331258281457
Lenovo,K13 32GB,2.0,32.0,5.0,13.0,19999.0,64.25321266063303
Lenovo,K13 Note 64GB,4.0,64.0,8.0,48.0,29999.0,102.67008900296678
Lenovo,K10 Plus 64GB,4.0,64.0,16.0,13.0,24999.0,94.60378415136604
Lenovo,A6 Note 32GB,3.0,32.0,5.0,13.0,19999.0,65.75328766438322
Lenovo,K10 Note 64GB,4.0,64.0,16.0,16.0,29999.0,81.33604453481782
Lenovo,K10 Note 128GB,6.0,128.0,16.0,16.0,34999.0,117.1462041772622
Lenovo,Z6 Pro 128GB,6.0,128.0,32.0,48.0,69999.0,74.5724938927699
Lenovo,Z6 Pro 256GB,8.0,256.0,32.0,48.0,79999.0,106.00132501656272
Lenovo,Z5 Pro 64GB,6.0,64.0,16.0,16.0,49999.0,50.001000020000404
Motorola,Edge 50 Fusion 128GB,8.0,128.0,32.0,50.0,139999.0,38.07170051214651
Motorola,Edge 50 Fusion 256GB,12.0,256.0,32.0,50.0,159999.0,54.06283789273682
Motorola,Edge 50 Pro 128GB,8.0,128.0,50.0,50.0,169999.0,33.47078512226542
Motorola,Edge 50 Pro 256GB,12.0,256.0,50.0,50.0,189999.0,47.42130221738009
Motorola,Razr 128GB,8.0,128.0,32.0,50.0,199999.0,26.650133250666254
Motorola,Razr 256GB,12.0,256.0,32.0,50.0,219999.0,39.318360538002445
Motorola,G84 5G 128GB,8.0,128.0,16.0,50.0,79999.0,62.62578282228528
Motorola,G84 5G 256GB,12.0,256.0,16.0,50.0,89999.0,92.55658396204402
Motorola,Moto G Stylus 64GB,4.0,64.0,16.0,50.0,49999.0,65.80131602632052
Motorola,Moto G Stylus 128GB,6.0,128.0,16.0,50.0,54999.0,90.00163639338896
Motorola,One Vision 3 128GB,6.0,128.0,25.0,48.0,39999.0,127.00317507937699
Motorola,One Vision 3 256GB,8.0,256.0,25.0,48.0,44999.0,185.33745194337655
Motorola,Edge 50 Lite 128GB,6.0,128.0,32.0,64.0,59999.0,93.66822780379673
Motorola,Edge 50 Lite 256GB,8.0,256.0,32.0,64.0,64999.0,136.61748642286804
Motorola,Moto E40 Plus 64GB,4.0,64.0,8.0,48.0,29999.0,102.67008900296678
Motorola,Moto E40 Plus 128GB,6.0,128.0,8.0,48.0,34999.0,135.4324409268836
Motorola,Moto G Power 64GB,4.0,64.0,16.0,50.0,39999.0,82.25205630140753
Motorola,Moto G Power 128GB,6.0,128.0,16.0,50.0,44999.0,110.00244449876664
Motorola,Moto G Play 32GB,3.0,32.0,5.0,13.0,24999.0,52.602104084163365
Motorola,Moto G Play 64GB,4.0,64.0,5.0,13.0,29999.0,71.50238341278042
Motorola,Moto G75 5G 128GB,8.0,128.0,16.0,50.0,89999.0,55.66728519205768
Motorola,Moto G75 5G 256GB,8.0,256.0,16.0,50.0,99999.0,82.10082100821009
Motorola,Moto S50 128GB,8.0,128.0,32.0,64.0,79999.0,71.00088751109388
Motorola,Moto S50 256GB,12.0,256.0,32.0,64.0,89999.0,100.00111112345692
Motorola,Edge 50 Neo 256GB,8.0,256.0,32.0,50.0,99999.0,85.3008530085301
Motorola,Edge 50 Neo 512GB,12.0,512.0,32.0,50.0,109999.0,136.8194256311421
Motorola,Moto G55 128GB,8.0,128.0,16.0,50.0,69999.0,71.5724510350148
Motorola,Moto G55 256GB,8.0,256.0,16.0,50.0,79999.0,102.62628282853537
Motorola,Moto G35 128GB,4.0,128.0,16.0,50.0,49999.0,97.8019560391208
Motorola,Moto G35 256GB,8.0,256.0,16.0,50.0,59999.0,136.8356139268988
Motorola,Moto G45 128GB,6.0,128.0,16.0,50.0,59999.0,82.50137502291705
Motorola,Moto G45 256GB,8.0,256.0,16.0,50.0,69999.0,117.28738981985458
Motorola,Edge 50 256GB,8.0,256.0,32.0,50.0,109999.0,77.54615951054102
Motorola,Edge 50 512GB,12.0,512.0,32.0,50.0,119999.0,125.41771181426512
Motorola,Razr 50 Ultra 512GB,12.0,512.0,32.0,50.0,249999.0,60.20024080096321
Motorola,Razr 50 256GB,8.0,256.0,32.0,50.0,199999.0,42.65021325106626
Motorola,Moto G85 128GB,8.0,128.0,32.0,50.0,79999.0,66.62583282291028
Motorola,Moto G85 256GB,12.0,256.0,32.0,50.0,89999.0,96.11217902421139
Motorola,S50 Neo 256GB,8.0,256.0,32.0,50.0,69999.0,121.85888369833856
Motorola,S50 Neo 512GB,12.0,512.0,32.0,50.0,79999.0,188.1273515918949
Motorola,Moto E14 64GB,4.0,64.0,8.0,13.0,29999.0,73.5024500816694
Motorola,Moto E14 128GB,4.0,128.0,8.0,13.0,34999.0,108.7173919254836
Motorola,Edge 256GB,8.0,256.0,32.0,50.0,109999.0,77.54615951054102
Motorola,Edge 512GB,12.0,512.0,32.0,50.0,119999.0,125.41771181426512
Motorola,Moto X50 Ultra 512GB,12.0,512.0,60.0,200.0,299999.0,64.53354844516149
Motorola,Moto G Stylus 5G 256GB,6.0,256.0,16.0,50.0,69999.0,116.43023471763883
Motorola,Moto G Stylus 5G 512GB,8.0,512.0,16.0,50.0,79999.0,182.6272828410355
Motorola,Edge 50 Ultra 512GB,12.0,512.0,60.0,200.0,299999.0,64.53354844516149
Motorola,Edge 30 Fusion 128GB,8.0,128.0,32.0,50.0,119999.0,44.41703680864007
Motorola,Edge 30 Fusion 256GB,12.0,256.0,32.0,50.0,129999.0,66.53897337671829
Motorola,Edge 30 Neo 128GB,6.0,128.0,32.0,64.0,89999.0,62.44513827931421
Motorola,Edge 30 Neo 256GB,8.0,256.0,32.0,64.0,99999.0,88.80088800888011
Motorola,Moto G82 5G 128GB,6.0,128.0,16.0,50.0,64999.0,76.15501776950414
Motorola,Moto G82 5G 256GB,8.0,256.0,16.0,50.0,74999.0,109.46812624168324
Motorola,Moto G62 5G 128GB,4.0,128.0,16.0,50.0,54999.0,88.9107074674085
Motorola,Moto G62 5G 256GB,6.0,256.0,16.0,50.0,64999.0,125.38654440837551
Motorola,Moto G42 128GB,4.0,128.0,16.0,50.0,44999.0,108.66908153514524
Motorola,Moto G32 128GB,4.0,128.0,16.0,50.0,39999.0,122.25305632640817
Motorola,Moto E32s 64GB,3.0,64.0,8.0,16.0,29999.0,75.00250008333612
Motorola,Moto E22i 32GB,2.0,32.0,5.0,16.0,24999.0,54.40217608704348
Motorola,Moto E22 64GB,4.0,64.0,5.0,16.0,27999.0,79.28854601950069
Motorola,Moto G22 64GB,4.0,64.0,16.0,50.0,34999.0,94.0026857910226
Huawei,P50,8.0,128.0,13.0,50.0,129999.0,38.077215978584455
Huawei,P50 Pro,8.0,128.0,13.0,50.0,149999.0,33.00022000146667
Huawei,P50 Pocket,8.0,128.0,10.0,40.0,199999.0,23.200116000580003
Huawei,Mate 40E,8.0,128.0,13.0,64.0,139999.0,37.857413267237625
Huawei,Mate X2,8.0,128.0,16.0,50.0,349999.0,14.31432661236175
Huawei,Nova 9,8.0,128.0,32.0,50.0,89999.0,59.22288025422504
Huawei,Nova 9 Pro,8.0,128.0,32.0,50.0,109999.0,48.454985954417765
Huawei,P50E,8.0,128.0,13.0,50.0,119999.0,41.25034375286461
Huawei,Mate Xs 2,8.0,128.0,10.0,50.0,299999.0,16.300054333514446
Huawei,Mate 50,8.0,128.0,13.0,50.0,169999.0,29.117818340107885
Huawei,Mate 50 Pro,8.0,128.0,13.0,50.0,189999.0,26.052768698782625
Huawei,Nova 10,8.0,128.0,60.0,50.0,99999.0,58.900589005890055
Huawei,Nova 10 Pro,8.0,128.0,60.0,50.0,119999.0,49.0837423645197
Huawei,Nova 10 SE,8.0,128.0,16.0,108.0,79999.0,80.75100938761734
Huawei,P60,8.0,128.0,13.0,48.0,169999.0,28.82369896293508
Huawei,P60 Pro,8.0,128.0,13.0,48.0,189999.0,25.789609418996942
Huawei,P60 Art,8.0,128.0,13.0,48.0,219999.0,22.272828512856876
Huawei,Mate X3,12.0,128.0,8.0,50.0,349999.0,14.200040571544491
Huawei,Mate 60,12.0,128.0,13.0,50.0,199999.0,25.350126750633756
Huawei,Mate 60 Pro,12.0,128.0,13.0,50.0,229999.0,22.0435741024961
Huawei,Mate 60 Pro+,12.0,128.0,13.0,50.0,249999.0,20.280081120324482
Huawei,Nova 11,8.0,128.0,60.0,50.0,89999.0,65.44517161301792
Huawei,Nova 11 Pro,8.0,128.0,60.0,50.0,109999.0,53.54594132673934
Huawei,Nova 11 Ultra,12.0,128.0,60.0,50.0,129999.0,46.23112485480658
Huawei,Pura 70,12.0,128.0,13.0,50.0,169999.0,29.82370484532262
Huawei,Pura 70 Pro,12.0,128.0,13.0,50.0,189999.0,26.68435097026827
Huawei,Pura 70 Pro+,12.0,128.0,13.0,50.0,209999.0,24.142972109391
Huawei,Pura 70 Ultra,16.0,128.0,13.0,50.0,229999.0,22.565315501371742
Huawei,Mate 70,12.0,128.0,13.0,50.0,179999.0,28.166823149017496
Huawei,Mate 70 Pro,12.0,128.0,13.0,50.0,199999.0,25.350126750633756
Huawei,Mate 70 Pro+,12.0,128.0,13.0,50.0,219999.0,23.04555929799681
Huawei,Mate X6,12.0,128.0,8.0,50.0,349999.0,14.200040571544491
Huawei,Nova 12,8.0,128.0,60.0,50.0,89999.0,65.44517161301792
Huawei,Nova 12 Pro,8.0,128.0,60.0,50.0,109999.0,53.54594132673934
Huawei,Mate XT 256GB,12.0,256.0,13.0,50.0,359999.0,22.97228603412787
Huawei,Mate XT 512GB,12.0,512.0,13.0,50.0,389999.0,37.61548106533606
Huawei,Nova 13 256GB,8.0,256.0,50.0,50.0,94999.0,93.57993242034128
Huawei,Nova 13 512GB,8.0,512.0,50.0,50.0,109999.0,139.00126364785135
Huawei,Nova 13 Pro 256GB,8.0,256.0,60.0,50.0,119999.0,75.75063125526047
Huawei,Nova 13 Pro 512GB,8.0,512.0,60.0,50.0,134999.0,114.74159067844947
Nokia,G42 5G 128GB,4.0,128.0,8.0,50.0,74999.0,63.06750756676756
Nokia,G20 64GB,4.0,64.0,8.0,48.0,48999.0,62.85842568215678
Nokia,G20 128GB,4.0,128.0,8.0,48.0,54999.0,85.09245622647686
Nokia,C32 64GB,3.0,64.0,8.0,50.0,39999.0,77.50193754843872
Nokia,C32 128GB,4.0,128.0,8.0,50.0,44999.0,105.11344696548814
Nokia,G21 64GB,4.0,64.0,8.0,50.0,46999.0,66.59716164173706
Nokia,G21 128GB,6.0,128.0,8.0,50.0,52999.0,90.37906375591993
Nokia,C22 64GB,2.0,64.0,8.0,13.0,34999.0,61.28746535615304
Nokia,C22 128GB,3.0,128.0,8.0,13.0,38999.0,96.79735377830201
Nokia,G400 128GB,6.0,128.0,16.0,48.0,79999.0,61.250765634570435
Sony,Xperia 1 IV 256GB,12.0,256.0,12.0,12.0,429999.0,16.97678366693876
Sony,Xperia 5 IV 128GB,8.0,128.0,12.0,12.0,319999.0,12.437538867308959
Sony,Xperia 10 IV 128GB,6.0,128.0,8.0,12.0,179999.0,21.33345185251029
Sony,Xperia 1 V 256GB,12.0,256.0,12.0,48.0,449999.0,18.22226271613937
Sony,Xperia 5 V 128GB,8.0,128.0,12.0,48.0,339999.0,14.352983391127621
Sony,Xperia 10 V 128GB,6.0,128.0,8.0,48.0,199999.0,23.700118500592502
Sony,Xperia 1 VI 256GB,12.0,256.0,12.0,48.0,469999.0,17.446845631586452
Sony,Xperia 5 VI 128GB,8.0,128.0,12.0,48.0,349999.0,13.942896979705655
Sony,Xperia 10 VI 128GB,6.0,128.0,8.0,48.0,209999.0,22.571536054933595
Nokia,T21,4.0,128.0,8.0,8.0,52000.0,70.76923076923077
Huawei,MatePad Pro 12.2 512GB,12.0,512.0,16.0,13.0,161500.0,85.4798761609907
Huawei,MatePad Pro 13.2 512GB,12.0,512.0,16.0,13.0,197000.0,70.0761421319797
Google,Pixel 3a 64GB,4.0,64.0,8.0,12.0,69999.0,31.1433020471721
Google,Pixel 3a XL 64GB,4.0,64.0,8.0,12.0,79999.0,27.25034062925787
Google,Pixel 4 64GB,6.0,64.0,8.0,12.0,119999.0,18.66682222351853
Google,Pixel 4 XL 64GB,6.0,64.0,8.0,12.0,139999.0,16.00011428653062
Google,Pixel 4a 128GB,6.0,128.0,8.0,12.0,89999.0,42.667140746008286
Google,Pixel 4a 5G 128GB,6.0,128.0,8.0,12.0,109999.0,34.909408267347885
Google,Pixel 5 128GB,8.0,128.0,8.0,12.0,139999.0,27.857341838155985
Google,Pixel 5a 128GB,6.0,128.0,8.0,12.0,109999.0,34.909408267347885
Google,Pixel 6 128GB,8.0,128.0,8.0,50.0,159999.0,30.312689454309087
Google,Pixel 6 Pro 256GB,12.0,256.0,11.0,50.0,199999.0,41.15020575102876
Google,Pixel 6a 128GB,6.0,128.0,8.0,12.0,129999.0,29.538688759144303
Google,Pixel 7 128GB,8.0,128.0,10.0,50.0,169999.0,28.764875087500513
Google,Pixel 7 Pro 256GB,12.0,256.0,10.0,50.0,229999.0,35.69580737307553
Google,Pixel 7a 128GB,8.0,128.0,10.0,64.0,139999.0,37.42883877741984
Google,Pixel 8 128GB,8.0,128.0,10.0,50.0,179999.0,27.166817593431073
Google,Pixel 8 Pro 256GB,12.0,256.0,10.0,50.0,249999.0,32.84013136052544
Google,Pixel 8a 128GB,8.0,128.0,10.0,64.0,149999.0,34.933566223774825
Google,Pixel 9 128GB,8.0,128.0,10.0,50.0,189999.0,25.736977563039805
Google,Pixel 9 Pro 256GB,12.0,256.0,10.0,50.0,259999.0,31.577044527094333
Google,Pixel 9 Pro XL 512GB,16.0,512.0,10.0,50.0,299999.0,49.10016366721223
Google,Pixel 9 Pro Fold 512GB,16.0,512.0,10.0,50.0,399999.0,36.82509206273016
Tecno,Spark Go 1S 64GB,4.0,64.0,8.0,13.0,27999.0,78.75281260045001
Tecno,Megapad 11 256GB,8.0,256.0,13.0,50.0,69999.0,116.43023471763883
Tecno,Pop 9 4G 64GB,3.0,64.0,5.0,8.0,22999.0,86.52550110874385
Tecno,Megapad 128GB,6.0,128.0,12.0,50.0,59999.0,81.16801946699111
Tecno,Camon 30S 256GB,8.0,256.0,32.0,50.0,89999.0,94.77883087589863
Tecno,Spark 30C 5G 128GB,6.0,128.0,16.0,50.0,39999.0,123.7530938273457
Tecno,Spark 30 5G 128GB,6.0,128.0,16.0,50.0,42999.0,115.11895625479663
Tecno,Pop 9 64GB,3.0,64.0,5.0,8.0,21999.0,90.45865721169143
Tecno,Spark 30 Pro 256GB,8.0,256.0,32.0,50.0,54999.0,155.0937289768905
Tecno,Spark 30 128GB,4.0,128.0,16.0,50.0,34999.0,139.71827766507616
Tecno,Phantom V Fold2 512GB,12.0,512.0,32.0,64.0,399999.0,38.500096250240624
Tecno,Phantom V Flip2 256GB,8.0,256.0,32.0,50.0,159999.0,53.31283320520754
Tecno,Pova 6 Neo 5G 256GB,8.0,256.0,16.0,50.0,69999.0,117.28738981985458
Tecno,Spark 30C 128GB,4.0,128.0,16.0,50.0,32999.0,148.1863086760205
Tecno,Spark Go 1 64GB,3.0,64.0,5.0,8.0,22999.0,86.52550110874385
Tecno,Camon 30S Pro 512GB,12.0,512.0,50.0,108.0,159999.0,105.37565859786623
Tecno,Spark 20P 128GB,4.0,128.0,16.0,50.0,37999.0,128.68759704202745
Tecno,Spark 20 Pro 5G 256GB,8.0,256.0,32.0,50.0,59999.0,142.16903615060255
Tecno,Pova 6 Neo 256GB,8.0,256.0,16.0,50.0,55999.0,146.60976088858732
Tecno,Camon 30 Premier 512GB,12.0,512.0,50.0,108.0,179999.0,93.667187039928
Tecno,Camon 30 Pro 512GB,12.0,512.0,50.0,64.0,129999.0,121.2317017823214
Tecno,Camon 30 5G 256GB,8.0,256.0,32.0,50.0,89999.0,94.77883087589863
Tecno,Camon 30 128GB,6.0,128.0,32.0,50.0,69999.0,75.28678981128301
Tecno,Pova 6 Pro 512GB,12.0,512.0,32.0,64.0,159999.0,96.25060156625979
Tecno,Spark 20 Pro+ 256GB,8.0,256.0,32.0,50.0,54999.0,155.0937289768905
Tecno,Spark 20 Pro 128GB,6.0,128.0,16.0,50.0,39999.0,123.7530938273457
Tecno,Spark 20 128GB,4.0,128.0,16.0,50.0,34999.0,139.71827766507616
Tecno,Spark 20C 128GB,4.0,128.0,16.0,50.0,32999.0,148.1863086760205
Tecno,Spark Go 2024 64GB,3.0,64.0,5.0,8.0,22999.0,86.52550110874385
Tecno,Pop 8 64GB,3.0,64.0,5.0,8.0,21999.0,90.45865721169143
Tecno,Camon 20s Pro 5G 512GB,12.0,512.0,50.0,108.0,159999.0,105.37565859786623
Tecno,Camon 20s Pro 256GB,12.0,256.0,50.0,108.0,129999.0,80.46215740121077
Tecno,Camon 20s 256GB,8.0,256.0,32.0,50.0,79999.0,106.62633282916038
Tecno,Camon 20 Premier 512GB,12.0,512.0,50.0,108.0,149999.0,112.40074933832891
Tecno,Camon 20 Pro 5G 256GB,8.0,256.0,32.0,50.0,89999.0,94.77883087589863
Tecno,Camon 20 Pro 128GB,6.0,128.0,32.0,50.0,69999.0,75.28678981128301
Tecno,Camon 20 128GB,6.0,128.0,32.0,50.0,69999.0,75.28678981128301
Tecno,Pova 5G 512GB,8.0,512.0,32.0,50.0,119999.0,124.41770348086236
Tecno,Pova 5 256GB,8.0,256.0,16.0,50.0,59999.0,136.8356139268988
Infinix,Xpad,6.0,128.0,8.0,13.0,54999.0,70.27400498190876
Infinix,Xpad 5G,8.0,128.0,16.0,50.0,79999.0,62.62578282228528
Infinix,Xpad Lite,4.0,128.0,5.0,8.0,39999.0,90.50226255656392
Infinix,Xpad Pro,12.0,128.0,32.0,50.0,99999.0,54.50054500545005
Infinix,Hot 50,6.0,128.0,8.0,50.0,39999.0,119.75299382484563
Infinix,Hot 50i,4.0,128.0,8.0,50.0,32999.0,143.3376768993
Infinix,Hot 50 5G,8.0,128.0,16.0,50.0,48999.0,102.24698463233945
Infinix,Hot 50 Pro,8.0,128.0,16.0,50.0,45999.0,108.91541120459142
Infinix,Hot 50 Pro+,12.0,128.0,32.0,108.0,64999.0,106.15547931506637
Infinix,GT 20 Pro,12.0,128.0,32.0,108.0,89999.0,76.66751852798365
Infinix,Note 40X 5G,8.0,128.0,32.0,108.0,64999.0,104.30929706610871
Infinix,Note 40S,8.0,128.0,32.0,50.0,42999.0,123.95637107839715
Infinix,Note 40 5G,8.0,128.0,32.0,108.0,54999.0,123.27496863579339
Infinix,Note 40 Pro 5G,12.0,128.0,32.0,108.0,72999.0,94.52184276496938
Infinix,Note 40 Racing Edition,12.0,128.0,32.0,108.0,89999.0,76.66751852798365
Infinix,Hot 40,8.0,128.0,32.0,50.0,35999.0,148.0596683241201
Infinix,Hot 40i,4.0,128.0,8.0,13.0,28999.0,131.21142108348565
Infinix,Hot 40 Pro,8.0,128.0,32.0,108.0,39999.0,169.50423760594015
Infinix,Zero 40,12.0,128.0,50.0,108.0,69999.0,103.71576736810525
Infinix,Zero 40 5G,12.0,128.0,50.0,108.0,74999.0,96.80129068387578
Infinix,Zero Flip,8.0,128.0,32.0,108.0,89999.0,75.33417037967088
Infinix,Note 40,8.0,128.0,32.0,108.0,45999.0,147.39450857627338
Infinix,Note 40 Pro,12.0,128.0,32.0,108.0,59999.0,115.00191669861165
Infinix,Hot 30 128GB,8.0,128.0,8.0,50.0,35999.0,134.72596461012805
Infinix,Hot 30i 128GB,4.0,128.0,8.0,13.0,28999.0,131.21142108348565
Infinix,Hot 30i NFC 128GB,4.0,128.0,8.0,13.0,29999.0,126.83756125204174
Infinix,Hot 30 Play 128GB,4.0,128.0,8.0,16.0,30999.0,125.16532791380368
Infinix,Hot 30 5G 128GB,8.0,128.0,8.0,50.0,41999.0,115.4789399747613
Infinix,Zero 30 256GB,8.0,256.0,50.0,108.0,69999.0,147.71639594851356
Infinix,Zero 30 5G 256GB,12.0,256.0,50.0,108.0,74999.0,139.46852624701663
Infinix,GT 10 Pro 256GB,8.0,256.0,32.0,108.0,84999.0,117.41314603701221
Infinix,Hot 12 128GB,6.0,128.0,8.0,13.0,28999.0,133.28045794682575
Infinix,Hot 12 Play 128GB,4.0,128.0,8.0,13.0,24999.0,152.20608824352976
Infinix,Hot 12 Pro 128GB,8.0,128.0,8.0,50.0,31999.0,151.5672364761399
Infinix,Hot 12i 64GB,4.0,64.0,8.0,13.0,22999.0,95.87373364059307
Infinix,Hot 20 128GB,6.0,128.0,8.0,50.0,30999.0,154.52111358430918
Infinix,Hot 20 Play 128GB,4.0,128.0,8.0,13.0,25999.0,146.35178276087544
Infinix,Hot 20s 128GB,8.0,128.0,8.0,50.0,34999.0,138.5753878682248
Infinix,Hot 20 5G 128GB,6.0,128.0,8.0,50.0,38999.0,122.8236621451832
Infinix,Hot 20i 64GB,4.0,64.0,8.0,13.0,21999.0,100.23182871948725
Infinix,Hot 10T 128GB,4.0,128.0,8.0,48.0,23999.0,195.0081253385558
Infinix,Hot 10S 128GB,6.0,128.0,8.0,48.0,25999.0,182.31470441170814
Infinix,Hot 10S NFC 128GB,6.0,128.0,8.0,48.0,26999.0,175.5620578539946
Infinix,Hot 10 Lite 64GB,3.0,64.0,8.0,13.0,19999.0,108.75543777188861
Infinix,Hot 10 Play 64GB,4.0,64.0,8.0,13.0,22999.0,95.87373364059307
Infinix,Hot 11 128GB,4.0,128.0,8.0,13.0,24999.0,152.20608824352976
Infinix,Hot 11 Play 128GB,4.0,128.0,8.0,13.0,25999.0,146.35178276087544
Infinix,Hot 11s 128GB,6.0,128.0,8.0,50.0,27999.0,171.07753848351726
Infinix,Smart HD 32GB,2.0,32.0,5.0,8.0,15999.0,72.50453153322083
Infinix,Note 8i 128GB,6.0,128.0,8.0,48.0,29999.0,158.00526684222805
Infinix,Note 8 128GB,6.0,128.0,16.0,64.0,34999.0,151.43289808280238
Infinix,Zero 8i 128GB,8.0,128.0,16.0,48.0,39999.0,124.00310007750193
Infinix,Hot 10 128GB,4.0,128.0,8.0,16.0,24999.0,155.20620824832997
Infinix,Zero 8 128GB,8.0,128.0,48.0,64.0,44999.0,133.33629636214138
Infinix,Smart 5 64GB,3.0,64.0,8.0,13.0,18999.0,114.47970945839255
Honor,9X Lite,4.0,128.0,8.0,48.0,39999.0,117.00292507312683
Honor,30,8.0,128.0,32.0,40.0,74999.0,67.73423645648609
Honor,30 Pro,8.0,128.0,32.0,50.0,94999.0,56.1058537458289
Honor,30 Pro+,12.0,128.0,32.0,50.0,109999.0,49.54590496277239
Honor,30S,6.0,128.0,16.0,64.0,54999.0,96.36538846160839
Honor,X10,6.0,128.0,16.0,40.0,48999.0,95.92032490458989
Honor,X10 Max,8.0,128.0,8.0,48.0,64999.0,73.84728995830704
Honor,Play 4,6.0,128.0,16.0,64.0,49999.0,106.00212004240085
Honor,Play 4 Pro,8.0,128.0,32.0,40.0,74999.0,67.73423645648609
Honor,10X Lite,4.0,128.0,8.0,48.0,34999.0,133.71810623160664
Honor,V40,8.0,128.0,16.0,50.0,89999.0,55.66728519205768
Honor,50,8.0,128.0,32.0,108.0,89999.0,75.33417037967088
Honor,50 Pro,8.0,128.0,32.0,108.0,109999.0,61.6369239720361
Honor,50 SE,8.0,128.0,16.0,108.0,74999.0,86.13448179309056
Honor,X20,6.0,128.0,16.0,64.0,64999.0,81.5397159956307
Honor,X20 SE,6.0,128.0,16.0,64.0,54999.0,96.36538846160839
Honor,Play 5,8.0,128.0,16.0,64.0,49999.0,107.20214404288087
Honor,Play 5T,6.0,128.0,8.0,13.0,34999.0,110.4317266207606
Honor,Magic3,8.0,128.0,13.0,50.0,159999.0,30.937693360583506
Honor,Magic3 Pro,8.0,128.0,13.0,50.0,189999.0,26.052768698782625
Honor,Magic3 Pro+,12.0,128.0,13.0,50.0,219999.0,23.04555929799681
Honor,60,8.0,128.0,32.0,108.0,99999.0,67.80067800678006
Honor,60 Pro,8.0,128.0,50.0,108.0,124999.0,57.12045696365572
Honor,60 SE,8.0,128.0,16.0,64.0,74999.0,71.46761956826091
Honor,X30,6.0,128.0,16.0,48.0,69999.0,70.00100001428592
Honor,X30i,6.0,128.0,16.0,48.0,54999.0,89.09252895507191
Honor,X30 Max,8.0,128.0,8.0,64.0,89999.0,57.778419760219556
Honor,Play 6,6.0,128.0,5.0,13.0,29999.0,126.83756125204172
Honor,Play 6T,6.0,128.0,5.0,13.0,39999.0,95.1273781844546
Honor,Magic4,8.0,128.0,12.0,50.0,179999.0,27.389041050228055
Honor,Magic4 Pro,8.0,128.0,12.0,50.0,209999.0,23.476302268106036
Honor,Magic4 Ultimate,12.0,128.0,12.0,50.0,249999.0,20.2000808003232
Honor,Magic V,12.0,128.0,42.0,50.0,349999.0,16.1429032654379
Honor,70,8.0,128.0,32.0,54.0,119999.0,45.250377086475716
Honor,70 Pro,8.0,128.0,50.0,54.0,149999.0,38.600257335048894
Honor,70 Pro+,12.0,128.0,50.0,54.0,179999.0,32.83351574175412
Honor,X40,6.0,128.0,8.0,50.0,64999.0,73.69344143756058
Honor,X40i,6.0,128.0,8.0,50.0,49999.0,95.80191603832077
Honor,Play 7,4.0,128.0,5.0,13.0,29999.0,124.83749458315279
Honor,Play 7T,6.0,128.0,5.0,13.0,34999.0,108.71739192548358
Honor,Magic5,8.0,128.0,12.0,50.0,199999.0,24.650123250616254
Honor,Magic5 Pro,12.0,128.0,12.0,50.0,249999.0,20.2000808003232
Honor,Magic5 Ultimate,16.0,128.0,12.0,50.0,299999.0,17.23339077796926
Honor,Magic Vs,12.0,128.0,16.0,50.0,369999.0,13.864902337573886
Honor,80,8.0,128.0,32.0,160.0,119999.0,67.33389444912042
Honor,80 Pro,12.0,128.0,50.0,160.0,169999.0,50.353237371984534
Honor,80 SE,8.0,128.0,32.0,64.0,84999.0,66.8243155801833
Honor,X50,6.0,128.0,8.0,108.0,74999.0,83.20110934812465
Honor,X50i,6.0,128.0,8.0,100.0,54999.0,109.82017854870088
Honor,Play 8,4.0,128.0,5.0,13.0,27999.0,133.7547769563199
Honor,Play 8T,6.0,128.0,5.0,50.0,32999.0,143.3376768993
Honor,Magic6,8.0,128.0,12.0,50.0,219999.0,22.40919276905804
Honor,Magic6 Pro,12.0,128.0,12.0,50.0,269999.0,18.70377297693695
Honor,Magic6 Ultimate,16.0,128.0,12.0,50.0,319999.0,16.156300488439022
Honor,Magic V2,12.0,128.0,16.0,50.0,389999.0,13.153879881743288
Honor,90,12.0,128.0,50.0,200.0,139999.0,68.28620204430031
Honor,90 Pro,12.0,128.0,50.0,200.0,169999.0,56.235624915440674
Honor,90 SE,8.0,128.0,32.0,64.0,84999.0,66.8243155801833
Honor,X60,6.0,128.0,8.0,108.0,74999.0,83.20110934812465
Honor,X60i,6.0,128.0,8.0,100.0,54999.0,109.82017854870088
Honor,Play 9,4.0,128.0,5.0,13.0,27999.0,133.7547769563199
Honor,Play 9T,6.0,128.0,5.0,50.0,32999.0,143.3376768993
Honor,Magic7,8.0,128.0,12.0,50.0,219999.0,22.40919276905804
Honor,Magic7 Pro,12.0,128.0,12.0,50.0,269999.0,18.70377297693695
Honor,Magic7 Ultimate,16.0,128.0,12.0,50.0,319999.0,16.156300488439022
Honor,Magic V3,12.0,128.0,16.0,50.0,389999.0,13.153879881743288
Honor,Pad 6,4.0,128.0,2.0,5.0,49999.0,69.70139402788055
Honor,Pad X6,3.0,128.0,2.0,5.0,39999.0,86.37715942898572
Honor,Pad 7,4.0,128.0,2.0,5.0,54999.0,63.36478845069911
Honor,Tablet V7,6.0,128.0,8.0,13.0,84999.0,45.47112318968458
Honor,Tablet V7 Pro,8.0,128.0,8.0,13.0,109999.0,35.682142564932406
Honor,Pad 8,6.0,128.0,5.0,5.0,69999.0,51.500735724796066
Honor,Pad X8,4.0,128.0,2.0,5.0,44999.0,77.44616547034379
Honor,Pad X8 Lite,3.0,128.0,2.0,5.0,34999.0,98.71710620303435
Honor,Pad V8,6.0,128.0,5.0,13.0,94999.0,40.05305319003357
Honor,Pad V8 Pro,8.0,128.0,8.0,13.0,129999.0,30.192539942614943
Honor,Pad 9,8.0,128.0,8.0,13.0,84999.0,46.17701384722173
Honor,Pad 9 Pro,12.0,128.0,8.0,13.0,109999.0,36.77306157328703
Honor,Pad X9,6.0,128.0,5.0,8.0,59999.0,61.33435557259288
Honor,Pad X8 Pro,4.0,128.0,2.0,5.0,44999.0,77.44616547034379
Honor,MagicPad 13,12.0,128.0,8.0,13.0,149999.0,26.96684644564297
Honor,MagicPad 2,16.0,128.0,12.0,16.0,179999.0,24.000133334074075
Honor,Pad X8a,4.0,128.0,2.0,5.0,34999.0,99.57427355067288
Honor,Pad X8a Kids Edition,3.0,128.0,2.0,5.0,29999.0,115.17050568352278
Honor,Pad X9 Pro,8.0,128.0,8.0,13.0,79999.0,49.06311328891611
Honor,Pad V9,8.0,128.0,8.0,13.0,129999.0,30.192539942614943
Honor,Pad GT Pro,12.0,128.0,12.0,16.0,199999.0,21.000105000525004
Honor,Pad X10,6.0,128.0,5.0,8.0,74999.0,49.06732089761197
Honor,Pad X10 Pro,8.0,128.0,8.0,13.0,94999.0,41.316224381309276
Honor,MagicPad 3,12.0,128.0,12.0,16.0,149999.0,28.000186667911116
Honor,Pad V10,8.0,128.0,8.0,13.0,129999.0,30.192539942614943
POCO,F2 Pro 128GB,6.0,128.0,20.0,64.0,99999.0,53.800538005380055
POCO,M2 Pro 64GB,4.0,64.0,16.0,48.0,34999.0,92.57407354495842
POCO,X3 NFC 128GB,6.0,128.0,20.0,64.0,39999.0,134.5033625840646
POCO,M3 64GB,4.0,64.0,8.0,48.0,24999.0,123.20492819712788
POCO,F3 128GB,6.0,128.0,20.0,48.0,69999.0,71.1438734839069
POCO,X3 Pro 128GB,6.0,128.0,20.0,48.0,49999.0,99.6019920398408
POCO,M3 Pro 5G 64GB,4.0,64.0,8.0,48.0,29999.0,102.67008900296678
POCO,F3 GT 128GB,6.0,128.0,16.0,64.0,79999.0,66.2508281353517
POCO,X3 GT 128GB,6.0,128.0,16.0,64.0,44999.0,117.78039511989155
POCO,M4 Pro 5G 128GB,4.0,128.0,16.0,50.0,34999.0,139.71827766507616
POCO,F4 128GB,6.0,128.0,20.0,64.0,74999.0,71.73428979053054
POCO,F4 GT 128GB,8.0,128.0,20.0,64.0,99999.0,54.400544005440054
POCO,X4 Pro 5G 128GB,6.0,128.0,16.0,108.0,54999.0,116.36575210458372
POCO,M4 Pro 128GB,6.0,128.0,16.0,64.0,39999.0,132.50331258281457
POCO,M5 128GB,4.0,128.0,5.0,50.0,29999.0,155.6718557285243
POCO,M5s 128GB,4.0,128.0,13.0,64.0,34999.0,148.00422869224835
POCO,F5 128GB,6.0,128.0,16.0,64.0,79999.0,66.2508281353517
POCO,F5 Pro 256GB,8.0,256.0,20.0,64.0,99999.0,86.4008640086401
POCO,X5 128GB,6.0,128.0,13.0,48.0,54999.0,88.00160002909143
POCO,X5 Pro 128GB,6.0,128.0,16.0,108.0,64999.0,98.46305327774274
POCO,M6 64GB,4.0,64.0,8.0,50.0,29999.0,104.33681122704091
POCO,M6 Pro 128GB,6.0,128.0,8.0,50.0,34999.0,136.86105317294778
POCO,X6 128GB,6.0,128.0,16.0,64.0,59999.0,88.334805580093
POCO,X6 Pro 256GB,8.0,256.0,20.0,108.0,69999.0,139.14484492635611
POCO,F6 128GB,6.0,128.0,20.0,64.0,89999.0,59.7784419826887
POCO,F6 Pro 256GB,8.0,256.0,20.0,108.0,109999.0,88.54625951145012
POCO,C65 64GB,4.0,64.0,5.0,50.0,24999.0,122.80491219648786
POCO,X7 128GB,6.0,128.0,16.0,64.0,64999.0,81.5397159956307
POCO,X7 Pro 256GB,8.0,256.0,20.0,108.0,79999.0,121.75152189402368
POCO,M7 5G 128GB,6.0,128.0,8.0,50.0,39999.0,119.75299382484563
Poco,Pad 5G 128GB,8.0,128.0,8.0,8.0,66220.0,57.384475989127154
Poco,Pad 5G 256GB,8.0,256.0,8.0,8.0,71220.0,98.28699803426004
Samsung,Galaxy Z Fold6 256GB,12.0,256.0,10.0,50.0,604999.0,13.570270364083244
Samsung,Galaxy Z Fold6 512GB,12.0,512.0,10.0,50.0,544999.0,26.80738863741034
Samsung,Galaxy Z Fold6 1TB,12.0,128.0,10.0,50.0,79999.0,62.62578282228528
